Jackson's Team,Jackson
Sebas's Team,Sebas
Prof's Team,Prof
Lynch's Team,Lynch
Connors's Team,Connors
Gabe's Team,Gabe
Geoff's Team,Geoff
Matty's Team,Matty
Joel's Team,Joel
Kies's Team,Kies
Kevin's Team,Kevin
Lou's Team,Lou
Vinny's Team,Vinny